Workbook

Sheet Dışa Aktarma Özeti
B3: Bu belge Numbers’dan dışa aktarıldı. Her bir tablo Excel çalışma sayfasına dönüştürüldü. Her bir Numbers sayfasındaki diğer tüm nesneler ayrı çalışma sayfalarına yerleştirildi. Lütfen formül hesaplamalarının Excel’de farklı olabileceğini unutmayın.
B7: Numbers Sayfası Adı | C7: Numbers Tablosu Adı | D7: Excel Çalışma Sayfası Adı
B9: Özet
C10: Tablo 1 | D10: Özet
B11: Gider
C12: Tablo 1 | D12: Gider
B13: Gelir
C14: Tablo 1 | D14: Gelir

Sheet Özet
B1: Şubat | C1: Mart | D1: Nisan | E1: Mayıs | F1: Haziran | G1: Temmuz | H1: Ağustos | I1: Eylül
A2: Toplam Gelir | B2: ='Gelir'!B16 -> 200000 | C2: ='Gelir'!C16 -> 88000 | D2: ='Gelir'!D16 -> 139000 | E2: ='Gelir'!E16 -> 149000 | F2: ='Gelir'!F16 -> 134000 | G2: ='Gelir'!G16 -> 134000 | H2: ='Gelir'!H16 -> 134000 | I2: ='Gelir'!I16 -> 134000
A3: Toplam Gider | B3: ='Gider'!B14 -> 0 | C3: ='Gider'!C14 -> 50000 | D3: ='Gider'!D14 -> 98000 | E3: ='Gider'!E14 -> 98000 | F3: ='Gider'!F14 -> 98000 | G3: ='Gider'!G14 -> 73000 | H3: ='Gider'!H14 -> 82000 | I3: ='Gider'!I14 -> 82000
A4: Önceki Aydan Devir | B4: 0 | C4: =B6 -> 200000 | D4: =C6 -> 238000 | E4: =D6 -> 279000 | F4: =E6 -> 330000 | G4: =F6 -> 366000 | H4: =G6 -> 427000 | I4: =H6 -> 479000
A5: Devirsiz Net | B5: =B2-B3 -> 200000 | C5: =C2-C3 -> 38000 | D5: =D2-D3 -> 41000 | E5: =E2-E3 -> 51000 | F5: =F2-F3 -> 36000 | G5: =G2-G3 -> 61000 | H5: =H2-H3 -> 52000 | I5: =I2-I3 -> 52000
A6: Net | B6: =B2-B3+B4 -> 200000 | C6: =C2-C3+C4 -> 238000 | D6: =D2-D3+D4 -> 279000 | E6: =E2-E3+E4 -> 330000 | F6: =F2-F3+F4 -> 366000 | G6: =G2-G3+G4 -> 427000 | H6: =H2-H3+H4 -> 479000 | I6: =I2-I3+I4 -> 531000

Sheet Gider
A1: Gider Kalemleri | B1: Şubat | C1: Mart | D1: Nisan | E1: Mayıs | F1: Haziran | G1: Temmuz | H1: Ağustos | I1: Eylül | J1: Ekim | K1: Kasım | L1: Aralık
A2: Kira | B2: 0 | C2: 0 | D2: 29000 | E2: 29000 | F2: 29000 | G2: 29000 | H2: 38000 | I2: 38000 | J2: 38000 | K2: 38000 | L2: 38000
A3: QNB Kart Borcu | C3: 25000 | D3: 25000 | E3: 25000 | F3: 25000
A4: QNB Nakit Avans | C4: 0
A5: Ev Alışverişi | C5: 15000 | D5: 25000 | E5: 25000 | F5: 25000 | G5: 25000 | H5: 25000 | I5: 25000 | J5: 25000 | K5: 25000 | L5: 25000
A6: Ulaşım | C6: 3000 | D6: 3000 | E6: 3000 | F6: 3000 | G6: 3000 | H6: 3000 | I6: 3000 | J6: 3000 | K6: 3000 | L6: 3000
A7: Keyfi Harcama | C7: 0 | D7: 0 | E7: 0 | F7: 0 | G7: 0 | H7: 0 | I7: 0
A8: Sema | C8: 5000 | D8: 0 | E8: 0 | F8: 0 | G8: 0 | H8: 0 | I8: 0
A9: Reklam | D9: 10000 | E9: 10000 | F9: 10000 | G9: 10000 | H9: 10000 | I9: 10000 | J9: 10000 | K9: 10000 | L9: 10000
A10: Faturalar | C10: 2000 | D10: 6000 | E10: 6000 | F10: 6000 | G10: 6000 | H10: 6000 | I10: 6000 | J10: 6000 | K10: 6000 | L10: 6000
A11: İcra taksit | G11: 0 | H11: 0 | I11: 0 | J11: 0 | K11: 0 | L11: 0
A13: emre abi
A14: Toplam | B14: =SUM(B2:B13) -> 0 | C14: =SUM(C2:C13) -> 50000 | D14: =SUM(D2:D13) -> 98000 | E14: =SUM(E2:E13) -> 98000 | F14: =SUM(F2:F13) -> 98000 | G14: =SUM(G2:G13) -> 73000 | H14: =SUM(H2:H13) -> 82000 | I14: =SUM(I2:I13) -> 82000 | ... L14: =SUM(L2:L13) -> 82000

Sheet Gelir
A1: Gelir Kalemleri | B1: Şubat | C1: Mart | D1: Nisan | E1: Mayıs | F1: Haziran | G1: Temmuz | H1: Ağustos | I1: Eylül
A2: ort | B2: 0 | C2: 0 | D2: 95000 | E2: 90000 | F2: 90000 | G2: 90000 | H2: 90000 | I2: 90000
A3: Ek iş | B3: 0 | D3: 0 | E3: 0 | F3: 0 | G3: 0 | H3: 0 | I3: 0
A4: Nakit | B4: 0 | C4: 40000 | D4: 0 | E4: 0 | F4: 0 | G4: 0 | H4: 0 | I4: 0
A5: Gamze Ablalar | C5: 10000 | D5: 0 | E5: 15000 | F5: 0 | G5: 0 | H5: 0 | I5: 0
A6: Emre Abi | B6: 0 | C6: 33000 | D6: 30000 | E6: 30000 | F6: 30000 | G6: 30000 | H6: 30000 | I6: 30000
A7: Metropol Kart | C7: 5000 | D7: 11000 | E7: 11000 | F7: 11000 | G7: 11000 | H7: 11000 | I7: 11000
A8: Reklam | B8: 0 | C8: 0 | D8: 0 | E8: 0 | F8: 0 | G8: 0 | H8: 0 | I8: 0
A9: Ulaşım masraf | B9: 0 | C9: 0 | D9: 3000 | E9: 3000 | F9: 3000 | G9: 3000 | H9: 3000 | I9: 3000
A10: Muharrem | C10: 0 | D10: 0 | E10: 0 | F10: 0 | G10: 0 | H10: 0 | I10: 0
A11: patent | B11: 0 | C11: 0
A12: altın | B12: 200000
A13: Merve Abla | C13: 0 | D13: 0 | E13: 0 | F13: 0 | G13: 0 | H13: 0 | I13: 0
A16: Toplam Gelir | B16: =SUM(B2:B13) -> 200000 | C16: =SUM(C2:C13) -> 88000 | D16: =SUM(D2:D13) -> 139000 | E16: =SUM(E2:E13) -> 149000 | F16: =SUM(F2:F13) -> 134000 | G16: =SUM(G2:G13) -> 134000 | H16: =SUM(H2:H13) -> 134000 | I16: =SUM(I2:I13) -> 134000
