Workbook

Sheet Özet
B1: Mart | C1: Nisan | D1: Mayıs | E1: Haziran | F1: Temmuz | G1: Ağustos | H1: Eylül | I1: Ekim | J1: Kasım | K1: Aralık | L1: Ocak | M1: Şubat | N1: Mart
A2: Toplam Gelir | B2: =Gelirler!B17 -> 55500 | C2: =Gelirler!C17 -> 251500 | D2: =Gelirler!D17 -> 246500 | E2: =Gelirler!E17 -> 211500 | F2: =Gelirler!F17 -> 211500 | G2: =Gelirler!G17 -> 211500 | H2: =Gelirler!H17 -> 211500 | I2: =Gelirler!I17 -> 214500 | ... N2: =Gelirler!N17 -> 241500
A3: Toplam Gider | B3: =Giderler!B23 -> 111245 | C3: =Giderler!C23 -> 156500 | D3: =Giderler!D23 -> 156500 | E3: =Giderler!E23 -> 156500 | F3: =Giderler!F23 -> 154000 | G3: =Giderler!G23 -> 140500 | H3: =Giderler!H23 -> 140500 | I3: =Giderler!I23 -> 140500 | ... N3: =Giderler!N23 -> 139500
A4: Önceki Aydan Devir | B4: 200000 | C4: =B6 -> 144255 | D4: =C6 -> 239255 | E4: =D6 -> 329255 | F4: =E6 -> 384255 | G4: =F6 -> 441755 | H4: =G6 -> 512755 | I4: =H6 -> 583755 | J4: =I6 -> 657755 | ... N4: =M6 -> 997755
A5: Aylık net | B5: =B2-B3 -> -55745 | C5: =C2-C3 -> 95000 | D5: =D2-D3 -> 90000 | E5: =E2-E3 -> 55000 | F5: =F2-F3 -> 57500 | G5: =G2-G3 -> 71000 | H5: =H2-H3 -> 71000 | I5: =I2-I3 -> 74000 | ... N5: =N2-N3 -> 102000
A6: Kümülatif Net | B6: =B2-B3+B4 -> 144255 | C6: =C2-C3+C4 -> 239255 | D6: =D2-D3+D4 -> 329255 | E6: =E2-E3+E4 -> 384255 | F6: =F2-F3+F4 -> 441755 | G6: =G2-G3+G4 -> 512755 | H6: =H2-H3+H4 -> 583755 | I6: =I2-I3+I4 -> 657755 | ... N6: =N2-N3+N4 -> 1099755

Sheet Giderler
A1: Gider Kalemleri | B1: Mart | C1: Nisan | D1: Mayıs | E1: Haziran | F1: Temmuz | G1: Ağustos | H1: Eylül | I1: Ekim | J1: Kasım | K1: Aralık | L1: Ocak | M1: Şubat | N1: Mart | O1: Nisan
A2: Kira | B2: 0 | C2: 36000 | D2: 36000 | E2: 36000 | F2: 36000 | G2: 36000 | H2: 36000 | I2: 36000 | J2: 36000 | K2: 36000 | L2: 36000 | M2: 36000 | N2: 45000 | O2: 45000
A3: QNB Kart Borcu | B3: 25000 | C3: 5000 | D3: 5000 | E3: 5000 | F3: 5000 | G3: 5000 | H3: 5000 | I3: 5000 | J3: 5000 | K3: 5000 | L3: 5000 | M3: 5000 | N3: 5000 | O3: 5000
A4: QNB Nakit Avans | B4: 3245
A5: Ev Alışverişi | B5: 10000 | C5: 22000 | D5: 22000 | E5: 22000 | F5: 22000 | G5: 22000 | H5: 22000 | I5: 22000 | J5: 22000 | K5: 22000 | L5: 22000 | M5: 22000 | N5: 22000 | O5: 22000
A6: Ulaşım Engin | B6: 4000 | C6: 4000 | D6: 4000 | E6: 4000 | F6: 4000 | G6: 4000 | H6: 4000 | I6: 4000 | J6: 4000 | K6: 4000 | L6: 4000 | M6: 4000 | N6: 4000 | O6: 4000
A7: Ulaşım Eyüp | B7: 3000 | C7: 3000 | D7: 3000 | E7: 3000 | F7: 3000 | G7: 3000 | H7: 3000 | I7: 3000 | J7: 3000 | K7: 3000 | L7: 3000 | M7: 3000 | N7: 3000 | O7: 3000
A8: Keyfi Harcama Eyüp | B8: 0 | C8: 7500 | D8: 7500 | E8: 7500 | F8: 15000 | G8: 15000 | H8: 15000 | I8: 15000 | J8: 15000 | K8: 15000 | L8: 15000 | M8: 15000 | N8: 15000 | O8: 15000
A9: Keyfi Harcama Engin | B9: 3000 | C9: 3000 | D9: 3000 | E9: 3000 | F9: 10000 | G9: 10000 | H9: 10000 | I9: 10000 | J9: 10000 | K9: 10000 | L9: 10000 | M9: 10000 | N9: 10000 | O9: 10000 | Y9: 3000
A10: Sema | B10: 0 | C10: 0 | D10: 0 | E10: 0 | F10: 5000 | G10: 0 | H10: 0 | I10: 0 | J10: 0 | K10: 0 | L10: 0 | M10: 0 | N10: 0 | O10: 0
A11: Reklam Masrafı | C11: 13000 | D11: 13000 | E11: 13000 | F11: 13000 | G11: 13000 | H11: 13000 | I11: 13000 | J11: 13000 | K11: 13000 | L11: 13000 | M11: 13000 | N11: 13000 | O11: 13000
A12: Faturalar | B12: 2000 | C12: 7500 | D12: 7500 | E12: 7500 | F12: 7500 | G12: 7500 | H12: 7500 | I12: 7500 | J12: 7500 | K12: 7500 | L12: 7500 | M12: 7500 | N12: 7500 | O12: 7500
A13: İcra Annem taksit | B13: 0 | C13: 22000 | D13: 22000 | E13: 22000 | F13: 0 | G13: 0 | H13: 0 | I13: 0 | J13: 0 | K13: 0 | L13: 0 | M13: 0 | N13: 0 | O13: 0
A14: İngilizce ve Diğer taksit | B14: 0 | C14: 10000 | D14: 10000 | E14: 10000 | F14: 10000 | G14: 10000 | H14: 10000 | I14: 10000 | J14: 10000 | K14: 10000 | L14: 0 | M14: 0 | N14: 0 | O14: 0
A15: Enza Taksit | B15: 8500 | C15: 8500 | D15: 8500 | E15: 8500 | F15: 8500
A16: Tamirat Tadilat | B16: 8000 | C16: 0
A17: Yapı Kredi KMH | B17: 42000 | C17: 0
A18: Banka fazileri | B18: 2500 | C18: 0
A19: Barışa harçlık | B19: 0 | C19: 15000 | D19: 15000 | E19: 15000 | F19: 15000 | G19: 15000 | H19: 15000 | I19: 15000 | J19: 15000 | K19: 15000 | L19: 15000 | M19: 15000 | N19: 15000 | O19: 15000
A20: Araba Kredi
A21: Araba Peşinat
A23: Toplam | B23: =SUM(B2:B22) -> 111245 | C23: =SUM(C2:C22) -> 156500 | D23: =SUM(D2:D22) -> 156500 | E23: =SUM(E2:E22) -> 156500 | F23: =SUM(F2:F22) -> 154000 | G23: =SUM(G2:G22) -> 140500 | H23: =SUM(H2:H22) -> 140500 | I23: =SUM(I2:I22) -> 140500 | ... O23: =SUM(O2:O22) -> 139500

Sheet Gelirler
A1: Gelir Kalemleri | B1: Mart | C1: Nisan | D1: Mayıs | E1: Haziran | F1: Temmuz | G1: Ağustos | H1: Eylül | I1: Ekim | J1: Kasım | K1: Aralık | L1: Ocak | M1: Şubat | N1: Mart | O1: Nisan
A2: Eng Ort M | B2: 0 | C2: 95000 | D2: 90000 | E2: 90000 | F2: 90000 | G2: 90000 | H2: 90000 | I2: 88000 | J2: 88000 | K2: 88000 | L2: 85000 | M2: 115000 | N2: 115000 | O2: 115000
A3: Engin Ek iş | B3: 0 | C3: 0 | D3: 0 | E3: 0 | F3: 0 | G3: 0 | H3: 0 | I3: 0 | J3: 0 | K3: 0 | L3: 0 | M3: 0 | N3: 0 | O3: 0
A4: Nakit | B4: 0 | C4: 0 | D4: 0 | E4: 0 | F4: 0 | G4: 0 | H4: 0 | I4: 0 | J4: 0 | K4: 0 | L4: 0 | M4: 0 | N4: 0 | O4: 0
A5: Gamze Ablalar | B5: 0 | C5: 10000 | D5: 10000 | E5: 0 | F5: 0 | G5: 0 | H5: 0 | I5: 0 | J5: 0 | K5: 0 | L5: 0 | M5: 0 | N5: 0 | O5: 0
A6: Emre Abi | B6: 38000 | C6: 40000 | D6: 40000 | E6: 40000 | F6: 40000 | G6: 40000 | H6: 40000 | I6: 45000 | J6: 45000 | K6: 45000 | L6: 45000 | M6: 45000 | N6: 45000 | O6: 45000
A7: Metropol Kart | B7: 12000 | C7: 12000 | D7: 12000 | E7: 12000 | F7: 12000 | G7: 12000 | H7: 12000 | I7: 12000 | J7: 12000 | K7: 12000 | L7: 12000 | M7: 12000 | N7: 12000 | O7: 12000
A8: Ulaşım masraf | B8: 5500 | C8: 5500 | D8: 5500 | E8: 5500 | F8: 5500 | G8: 5500 | H8: 5500 | I8: 5500 | J8: 5500 | K8: 5500 | L8: 5500 | M8: 5500 | N8: 5500 | O8: 5500
A9: Muharrem | B9: 0 | C9: 0 | D9: 0 | E9: 0 | F9: 0 | G9: 0 | H9: 0 | I9: 0 | J9: 0 | K9: 0 | L9: 0 | M9: 0 | N9: 0 | O9: 0
A10: Birikim | B10: 0
A11: Eyüp Maaş | B11: 0 | C11: 40000 | D11: 40000 | E11: 40000 | F11: 40000 | G11: 40000 | H11: 40000 | I11: 40000 | J11: 40000 | K11: 40000 | L11: 40000 | M11: 40000 | N11: 40000 | O11: 40000
A12: Eyüp Emekli Maaş | B12: 0 | C12: 24000 | D12: 24000 | E12: 24000 | F12: 24000 | G12: 24000 | H12: 24000 | I12: 24000 | J12: 24000 | K12: 24000 | L12: 24000 | M12: 24000 | N12: 24000 | O12: 24000
A13: Prim
A14: depozito | C14: 25000 | D14: 25000
A17: Toplam Gelir | B17: =SUM(B2:B16) -> 55500 | C17: =SUM(C2:C16) -> 251500 | D17: =SUM(D2:D16) -> 246500 | E17: =SUM(E2:E16) -> 211500 | F17: =SUM(F2:F16) -> 211500 | G17: =SUM(G2:G16) -> 211500 | H17: =SUM(H2:H16) -> 211500 | I17: =SUM(I2:I16) -> 214500 | ... O17: =SUM(O2:O16) -> 241500
